document_id,document_text,entity,gold_answer,lemma,doc_group,deepseek_prompt,deepseek_pred
1505,Ирландской Республикой,GPE-Ireland,LOC,Ирландская Республика,ru-104,"Ты — классификатор типов именованных сущностей.
Тебе даётся текст одной сущности на русском языке.
Твоя задача — определить её тип из списка: PER, ORG, LOC, EVT, PRO и другие, если они встречаются в данных.

Верни только один тип (одно слово, без объяснений).

Сущность: Ирландской Республикой

Тип:",LOC
2976,Хант ,PER-Jeremy-Hunt,PER,Хант,ru-1154,"Ты — классификатор типов именованных сущностей.
Тебе даётся текст одной сущности на русском языке.
Твоя задача — определить её тип из списка: PER, ORG, LOC, EVT, PRO и другие, если они встречаются в данных.

Верни только один тип (одно слово, без объяснений).

Сущность: Хант 

Тип:",PER
1157,Coca-Cola,ORG-The-Coca-Cola-Company,ORG,Coca-Cola,ru-1019,"Ты — классификатор типов именованных сущностей.
Тебе даётся текст одной сущности на русском языке.
Твоя задача — определить её тип из списка: PER, ORG, LOC, EVT, PRO и другие, если они встречаются в данных.

Верни только один тип (одно слово, без объяснений).

Сущность: Coca-Cola

Тип:",ORG
1704,Дэвид Дэвис,PER-David-Davis,PER,Дэвид Дэвис,ru-1048,"Ты — классификатор типов именованных сущностей.
Тебе даётся текст одной сущности на русском языке.
Твоя задача — определить её тип из списка: PER, ORG, LOC, EVT, PRO и другие, если они встречаются в данных.

Верни только один тип (одно слово, без объяснений).

Сущность: Дэвид Дэвис

Тип:",PER
1024,AFP,ORG-AFP-Agence-France-Press,ORG,AFP,ru-1010,"Ты — классификатор типов именованных сущностей.
Тебе даётся текст одной сущности на русском языке.
Твоя задача — определить её тип из списка: PER, ORG, LOC, EVT, PRO и другие, если они встречаются в данных.

Верни только один тип (одно слово, без объяснений).

Сущность: AFP

Тип:",ORG
1094,Мария Захарова,PER-Maria-Zaharova,PER,Мария Захарова,ru-1013,"Ты — классификатор типов именованных сущностей.
Тебе даётся текст одной сущности на русском языке.
Твоя задача — определить её тип из списка: PER, ORG, LOC, EVT, PRO и другие, если они встречаются в данных.

Верни только один тип (одно слово, без объяснений).

Сущность: Мария Захарова

Тип:",PER
3165,Бориса Джонсона,PER-Boris-Johnson,PER,Борис Джонсон,ru-1162,"Ты — классификатор типов именованных сущностей.
Тебе даётся текст одной сущности на русском языке.
Твоя задача — определить её тип из списка: PER, ORG, LOC, EVT, PRO и другие, если они встречаются в данных.

Верни только один тип (одно слово, без объяснений).

Сущность: Бориса Джонсона

Тип:",PER
49,Техрик-э-Лабайк,ORG-Tehreek-e-Labbaik-Pakistan,ORG,Техрик-э-Лабайк,ru-106,"Ты — классификатор типов именованных сущностей.
Тебе даётся текст одной сущности на русском языке.
Твоя задача — определить её тип из списка: PER, ORG, LOC, EVT, PRO и другие, если они встречаются в данных.

Верни только один тип (одно слово, без объяснений).

Сущность: Техрик-э-Лабайк

Тип:",ORG
2558,Brexit,EVT-Brexit,EVT,Brexit,ru-1100,"Ты — классификатор типов именованных сущностей.
Тебе даётся текст одной сущности на русском языке.
Твоя задача — определить её тип из списка: PER, ORG, LOC, EVT, PRO и другие, если они встречаются в данных.

Верни только один тип (одно слово, без объяснений).

Сущность: Brexit

Тип:",EVT
